<?xml version="1.0" encoding="ISO-8859-1" ?>
<link_info>
   <banner>TI ARM Linker PC v18.1.1.LTS</banner>
   <copyright>Copyright (c) 1996-2017 Texas Instruments Incorporated</copyright>
   <link_time>0x5b6c793a</link_time>
   <link_errors>0x1</link_errors>
   <output_file>TesteAssembly.out</output_file>
   <entry_point>
      <name>_c_int00_noinit_noargs</name>
      <address>0x26d</address>
   </entry_point>
   <input_file_list>
      <input_file id="fl-2">
         <path>.\</path>
         <kind>object</kind>
         <file>Teste.obj</file>
         <name>Teste.obj</name>
      </input_file>
      <input_file id="fl-3">
         <path>.\</path>
         <kind>object</kind>
         <file>tm4c123gh6pm_startup_ccs.obj</file>
         <name>tm4c123gh6pm_startup_ccs.obj</name>
      </input_file>
      <input_file id="fl-7">
         <kind>object</kind>
         <file>&lt;internal&gt;</file>
         <name>&lt;internal&gt;</name>
      </input_file>
      <input_file id="fl-bd">
         <path>C:\ti\ccsv8\tools\compiler\ti-cgt-arm_18.1.1.LTS\lib\</path>
         <kind>archive</kind>
         <file>rtsv7M4_T_le_v4SPD16_eabi.lib</file>
         <name>boot_cortex_m.c.obj</name>
      </input_file>
      <input_file id="fl-be">
         <path>C:\ti\ccsv8\tools\compiler\ti-cgt-arm_18.1.1.LTS\lib\</path>
         <kind>archive</kind>
         <file>rtsv7M4_T_le_v4SPD16_eabi.lib</file>
         <name>exit.c.obj</name>
      </input_file>
      <input_file id="fl-bf">
         <path>C:\ti\ccsv8\tools\compiler\ti-cgt-arm_18.1.1.LTS\lib\</path>
         <kind>archive</kind>
         <file>rtsv7M4_T_le_v4SPD16_eabi.lib</file>
         <name>_lock.c.obj</name>
      </input_file>
      <input_file id="fl-c0">
         <path>C:\ti\ccsv8\tools\compiler\ti-cgt-arm_18.1.1.LTS\lib\</path>
         <kind>archive</kind>
         <file>rtsv7M4_T_le_v4SPD16_eabi.lib</file>
         <name>args_main.c.obj</name>
      </input_file>
      <input_file id="fl-c1">
         <path>C:\ti\ccsv8\tools\compiler\ti-cgt-arm_18.1.1.LTS\lib\</path>
         <kind>archive</kind>
         <file>rtsv7M4_T_le_v4SPD16_eabi.lib</file>
         <name>autoinit.c.obj</name>
      </input_file>
      <input_file id="fl-c2">
         <path>C:\ti\ccsv8\tools\compiler\ti-cgt-arm_18.1.1.LTS\lib\</path>
         <kind>archive</kind>
         <file>rtsv7M4_T_le_v4SPD16_eabi.lib</file>
         <name>pre_init.c.obj</name>
      </input_file>
      <input_file id="fl-c3">
         <path>C:\ti\ccsv8\tools\compiler\ti-cgt-arm_18.1.1.LTS\lib\</path>
         <kind>archive</kind>
         <file>rtsv7M4_T_le_v4SPD16_eabi.lib</file>
         <name>cpy_tbl.c.obj</name>
      </input_file>
      <input_file id="fl-c4">
         <path>C:\ti\ccsv8\tools\compiler\ti-cgt-arm_18.1.1.LTS\lib\</path>
         <kind>archive</kind>
         <file>rtsv7M4_T_le_v4SPD16_eabi.lib</file>
         <name>memcpy_t2.asm.obj</name>
      </input_file>
   </input_file_list>
   <object_component_list>
      <object_component id="oc-f">
         <name>.intvecs</name>
         <load_address>0x0</load_address>
         <run_address>0x0</run_address>
         <size>0x26c</size>
         <input_file_ref idref="fl-3"/>
      </object_component>
      <object_component id="oc-34">
         <name>.text:_c_int00_noinit_noargs:_c_int00_noinit_noargs</name>
         <load_address>0x26c</load_address>
         <run_address>0x26c</run_address>
         <size>0x30</size>
         <input_file_ref idref="fl-bd"/>
      </object_component>
      <object_component id="oc-16">
         <name>.text</name>
         <load_address>0x29c</load_address>
         <run_address>0x29c</run_address>
         <size>0xc</size>
         <input_file_ref idref="fl-3"/>
      </object_component>
      <object_component id="oc-51">
         <name>.text:_system_pre_init</name>
         <load_address>0x2a8</load_address>
         <run_address>0x2a8</run_address>
         <size>0x4</size>
         <input_file_ref idref="fl-c2"/>
      </object_component>
      <object_component id="oc-64">
         <name>.text:abort:abort</name>
         <load_address>0x2ac</load_address>
         <run_address>0x2ac</run_address>
         <size>0x4</size>
         <input_file_ref idref="fl-be"/>
      </object_component>
      <object_component id="oc-13">
         <name>.stack</name>
         <uninitialized>true</uninitialized>
         <run_address>0x20000000</run_address>
         <size>0x4</size>
         <input_file_ref idref="fl-bd"/>
      </object_component>
      <object_component id="oc-11e">
         <name>.stack</name>
         <uninitialized>true</uninitialized>
         <run_address>0x20000000</run_address>
         <size>0x0</size>
      </object_component>
      <object_component id="oc-1e">
         <name>.debug_info</name>
         <load_address>0x0</load_address>
         <run_address>0x0</run_address>
         <size>0x2a1</size>
         <input_file_ref idref="fl-3"/>
      </object_component>
      <object_component id="oc-10">
         <name>.debug_info</name>
         <load_address>0x2a1</load_address>
         <run_address>0x2a1</run_address>
         <size>0xe0</size>
         <input_file_ref idref="fl-3"/>
      </object_component>
      <object_component id="oc-18">
         <name>.debug_info</name>
         <load_address>0x381</load_address>
         <run_address>0x381</run_address>
         <size>0x25c</size>
         <input_file_ref idref="fl-3"/>
      </object_component>
      <object_component id="oc-2a">
         <name>.debug_info</name>
         <load_address>0x5dd</load_address>
         <run_address>0x5dd</run_address>
         <size>0x26b</size>
         <input_file_ref idref="fl-3"/>
      </object_component>
      <object_component id="oc-21">
         <name>.debug_info</name>
         <load_address>0x848</load_address>
         <run_address>0x848</run_address>
         <size>0x84</size>
         <input_file_ref idref="fl-3"/>
      </object_component>
      <object_component id="oc-4c">
         <name>.debug_info</name>
         <load_address>0x8cc</load_address>
         <run_address>0x8cc</run_address>
         <size>0x297</size>
         <input_file_ref idref="fl-3"/>
      </object_component>
      <object_component id="oc-2f">
         <name>.debug_info</name>
         <load_address>0xb63</load_address>
         <run_address>0xb63</run_address>
         <size>0xbb</size>
         <input_file_ref idref="fl-3"/>
      </object_component>
      <object_component id="oc-14">
         <name>.debug_info</name>
         <load_address>0xc1e</load_address>
         <run_address>0xc1e</run_address>
         <size>0x100</size>
         <input_file_ref idref="fl-bd"/>
      </object_component>
      <object_component id="oc-36">
         <name>.debug_info</name>
         <load_address>0xd1e</load_address>
         <run_address>0xd1e</run_address>
         <size>0x19d</size>
         <input_file_ref idref="fl-bd"/>
      </object_component>
      <object_component id="oc-68">
         <name>.debug_info</name>
         <load_address>0xebb</load_address>
         <run_address>0xebb</run_address>
         <size>0x117</size>
         <input_file_ref idref="fl-be"/>
      </object_component>
      <object_component id="oc-52">
         <name>.debug_info</name>
         <load_address>0xfd2</load_address>
         <run_address>0xfd2</run_address>
         <size>0x148</size>
         <input_file_ref idref="fl-c2"/>
      </object_component>
      <object_component id="oc-11f">
         <name>.debug_info</name>
         <load_address>0x111a</load_address>
         <run_address>0x111a</run_address>
         <size>0x96</size>
      </object_component>
      <object_component id="oc-29">
         <name>.debug_line</name>
         <load_address>0x0</load_address>
         <run_address>0x0</run_address>
         <size>0x41</size>
         <input_file_ref idref="fl-3"/>
      </object_component>
      <object_component id="oc-1d">
         <name>.debug_line</name>
         <load_address>0x41</load_address>
         <run_address>0x41</run_address>
         <size>0x41</size>
         <input_file_ref idref="fl-3"/>
      </object_component>
      <object_component id="oc-17">
         <name>.debug_line</name>
         <load_address>0x82</load_address>
         <run_address>0x82</run_address>
         <size>0xa1</size>
         <input_file_ref idref="fl-3"/>
      </object_component>
      <object_component id="oc-2d">
         <name>.debug_line</name>
         <load_address>0x123</load_address>
         <run_address>0x123</run_address>
         <size>0x69</size>
         <input_file_ref idref="fl-3"/>
      </object_component>
      <object_component id="oc-24">
         <name>.debug_line</name>
         <load_address>0x18c</load_address>
         <run_address>0x18c</run_address>
         <size>0x20</size>
         <input_file_ref idref="fl-3"/>
      </object_component>
      <object_component id="oc-4f">
         <name>.debug_line</name>
         <load_address>0x1ac</load_address>
         <run_address>0x1ac</run_address>
         <size>0x6d</size>
         <input_file_ref idref="fl-3"/>
      </object_component>
      <object_component id="oc-32">
         <name>.debug_line</name>
         <load_address>0x219</load_address>
         <run_address>0x219</run_address>
         <size>0x6a</size>
         <input_file_ref idref="fl-3"/>
      </object_component>
      <object_component id="oc-20">
         <name>.debug_line</name>
         <load_address>0x283</load_address>
         <run_address>0x283</run_address>
         <size>0x33</size>
         <input_file_ref idref="fl-bd"/>
      </object_component>
      <object_component id="oc-39">
         <name>.debug_line</name>
         <load_address>0x2b6</load_address>
         <run_address>0x2b6</run_address>
         <size>0x55</size>
         <input_file_ref idref="fl-bd"/>
      </object_component>
      <object_component id="oc-66">
         <name>.debug_line</name>
         <load_address>0x30b</load_address>
         <run_address>0x30b</run_address>
         <size>0x3c</size>
         <input_file_ref idref="fl-be"/>
      </object_component>
      <object_component id="oc-55">
         <name>.debug_line</name>
         <load_address>0x347</load_address>
         <run_address>0x347</run_address>
         <size>0x40</size>
         <input_file_ref idref="fl-c2"/>
      </object_component>
      <object_component id="oc-1b">
         <name>.debug_frame</name>
         <load_address>0x0</load_address>
         <run_address>0x0</run_address>
         <size>0x90</size>
         <input_file_ref idref="fl-3"/>
      </object_component>
      <object_component id="oc-35">
         <name>.debug_frame</name>
         <load_address>0x90</load_address>
         <run_address>0x90</run_address>
         <size>0x58</size>
         <input_file_ref idref="fl-bd"/>
      </object_component>
      <object_component id="oc-65">
         <name>.debug_frame</name>
         <load_address>0xe8</load_address>
         <run_address>0xe8</run_address>
         <size>0x54</size>
         <input_file_ref idref="fl-be"/>
      </object_component>
      <object_component id="oc-56">
         <name>.debug_frame</name>
         <load_address>0x13c</load_address>
         <run_address>0x13c</run_address>
         <size>0x54</size>
         <input_file_ref idref="fl-c2"/>
      </object_component>
      <object_component id="oc-28">
         <name>.debug_abbrev</name>
         <load_address>0x0</load_address>
         <run_address>0x0</run_address>
         <size>0x68</size>
         <input_file_ref idref="fl-3"/>
      </object_component>
      <object_component id="oc-1c">
         <name>.debug_abbrev</name>
         <load_address>0x68</load_address>
         <run_address>0x68</run_address>
         <size>0x29</size>
         <input_file_ref idref="fl-3"/>
      </object_component>
      <object_component id="oc-27">
         <name>.debug_abbrev</name>
         <load_address>0x91</load_address>
         <run_address>0x91</run_address>
         <size>0x79</size>
         <input_file_ref idref="fl-3"/>
      </object_component>
      <object_component id="oc-2c">
         <name>.debug_abbrev</name>
         <load_address>0x10a</load_address>
         <run_address>0x10a</run_address>
         <size>0x69</size>
         <input_file_ref idref="fl-3"/>
      </object_component>
      <object_component id="oc-23">
         <name>.debug_abbrev</name>
         <load_address>0x173</load_address>
         <run_address>0x173</run_address>
         <size>0x1f</size>
         <input_file_ref idref="fl-3"/>
      </object_component>
      <object_component id="oc-4e">
         <name>.debug_abbrev</name>
         <load_address>0x192</load_address>
         <run_address>0x192</run_address>
         <size>0x5c</size>
         <input_file_ref idref="fl-3"/>
      </object_component>
      <object_component id="oc-31">
         <name>.debug_abbrev</name>
         <load_address>0x1ee</load_address>
         <run_address>0x1ee</run_address>
         <size>0x24</size>
         <input_file_ref idref="fl-3"/>
      </object_component>
      <object_component id="oc-1f">
         <name>.debug_abbrev</name>
         <load_address>0x212</load_address>
         <run_address>0x212</run_address>
         <size>0x29</size>
         <input_file_ref idref="fl-bd"/>
      </object_component>
      <object_component id="oc-58">
         <name>.debug_abbrev</name>
         <load_address>0x23b</load_address>
         <run_address>0x23b</run_address>
         <size>0x61</size>
         <input_file_ref idref="fl-bd"/>
      </object_component>
      <object_component id="oc-a2">
         <name>.debug_abbrev</name>
         <load_address>0x29c</load_address>
         <run_address>0x29c</run_address>
         <size>0x45</size>
         <input_file_ref idref="fl-be"/>
      </object_component>
      <object_component id="oc-63">
         <name>.debug_abbrev</name>
         <load_address>0x2e1</load_address>
         <run_address>0x2e1</run_address>
         <size>0x55</size>
         <input_file_ref idref="fl-c2"/>
      </object_component>
      <object_component id="oc-120">
         <name>.debug_abbrev</name>
         <load_address>0x336</load_address>
         <run_address>0x336</run_address>
         <size>0xf</size>
      </object_component>
      <object_component id="oc-2e">
         <name>.debug_str</name>
         <load_address>0x0</load_address>
         <run_address>0x0</run_address>
         <size>0x29e</size>
         <input_file_ref idref="fl-3"/>
      </object_component>
      <object_component id="oc-25">
         <name>.debug_str</name>
         <load_address>0x29e</load_address>
         <run_address>0x29e</run_address>
         <size>0xfa</size>
         <input_file_ref idref="fl-3"/>
      </object_component>
      <object_component id="oc-50">
         <name>.debug_str</name>
         <load_address>0x398</load_address>
         <run_address>0x398</run_address>
         <size>0x32d</size>
         <input_file_ref idref="fl-3"/>
      </object_component>
      <object_component id="oc-33">
         <name>.debug_str</name>
         <load_address>0x6c5</load_address>
         <run_address>0x6c5</run_address>
         <size>0x136</size>
         <input_file_ref idref="fl-3"/>
      </object_component>
      <object_component id="oc-19">
         <name>.debug_aranges</name>
         <load_address>0x0</load_address>
         <run_address>0x0</run_address>
         <size>0x38</size>
         <input_file_ref idref="fl-3"/>
      </object_component>
      <object_component id="oc-37">
         <name>.debug_aranges</name>
         <load_address>0x38</load_address>
         <run_address>0x38</run_address>
         <size>0x20</size>
         <input_file_ref idref="fl-bd"/>
      </object_component>
      <object_component id="oc-67">
         <name>.debug_aranges</name>
         <load_address>0x58</load_address>
         <run_address>0x58</run_address>
         <size>0x20</size>
         <input_file_ref idref="fl-be"/>
      </object_component>
      <object_component id="oc-53">
         <name>.debug_aranges</name>
         <load_address>0x78</load_address>
         <run_address>0x78</run_address>
         <size>0x20</size>
         <input_file_ref idref="fl-c2"/>
      </object_component>
      <object_component id="oc-11">
         <name>.debug_pubnames</name>
         <load_address>0x0</load_address>
         <run_address>0x0</run_address>
         <size>0x23</size>
         <input_file_ref idref="fl-3"/>
      </object_component>
      <object_component id="oc-1a">
         <name>.debug_pubnames</name>
         <load_address>0x23</load_address>
         <run_address>0x23</run_address>
         <size>0x4c</size>
         <input_file_ref idref="fl-3"/>
      </object_component>
      <object_component id="oc-15">
         <name>.debug_pubnames</name>
         <load_address>0x6f</load_address>
         <run_address>0x6f</run_address>
         <size>0x1e</size>
         <input_file_ref idref="fl-bd"/>
      </object_component>
      <object_component id="oc-38">
         <name>.debug_pubnames</name>
         <load_address>0x8d</load_address>
         <run_address>0x8d</run_address>
         <size>0x2d</size>
         <input_file_ref idref="fl-bd"/>
      </object_component>
      <object_component id="oc-69">
         <name>.debug_pubnames</name>
         <load_address>0xba</load_address>
         <run_address>0xba</run_address>
         <size>0x1c</size>
         <input_file_ref idref="fl-be"/>
      </object_component>
      <object_component id="oc-54">
         <name>.debug_pubnames</name>
         <load_address>0xd6</load_address>
         <run_address>0xd6</run_address>
         <size>0x27</size>
         <input_file_ref idref="fl-c2"/>
      </object_component>
      <object_component id="oc-2b">
         <name>.debug_pubtypes</name>
         <load_address>0x0</load_address>
         <run_address>0x0</run_address>
         <size>0x25c</size>
         <input_file_ref idref="fl-3"/>
      </object_component>
      <object_component id="oc-22">
         <name>.debug_pubtypes</name>
         <load_address>0x25c</load_address>
         <run_address>0x25c</run_address>
         <size>0xed</size>
         <input_file_ref idref="fl-3"/>
      </object_component>
      <object_component id="oc-4d">
         <name>.debug_pubtypes</name>
         <load_address>0x349</load_address>
         <run_address>0x349</run_address>
         <size>0x325</size>
         <input_file_ref idref="fl-3"/>
      </object_component>
      <object_component id="oc-30">
         <name>.debug_pubtypes</name>
         <load_address>0x66e</load_address>
         <run_address>0x66e</run_address>
         <size>0xaa</size>
         <input_file_ref idref="fl-3"/>
      </object_component>
   </object_component_list>
   <logical_group_list>
      <logical_group id="lg-3" display="no" color="cyan">
         <name>.intvecs</name>
         <load_address>0x0</load_address>
         <run_address>0x0</run_address>
         <size>0x26c</size>
         <contents>
            <object_component_ref idref="oc-f"/>
         </contents>
      </logical_group>
      <logical_group id="lg-4" display="no" color="cyan">
         <name>.text</name>
         <load_address>0x26c</load_address>
         <run_address>0x26c</run_address>
         <size>0x44</size>
         <contents>
            <object_component_ref idref="oc-34"/>
            <object_component_ref idref="oc-16"/>
            <object_component_ref idref="oc-51"/>
            <object_component_ref idref="oc-64"/>
         </contents>
      </logical_group>
      <logical_group id="lg-5" display="no" color="cyan">
         <name>.const</name>
         <run_address>0x0</run_address>
         <size>0x0</size>
         <contents>
         </contents>
      </logical_group>
      <logical_group id="lg-6" display="no" color="cyan">
         <name>.cinit</name>
         <run_address>0x0</run_address>
         <size>0x0</size>
         <contents>
         </contents>
      </logical_group>
      <logical_group id="lg-7" display="no" color="cyan">
         <name>.pinit</name>
         <run_address>0x0</run_address>
         <size>0x0</size>
         <contents>
         </contents>
      </logical_group>
      <logical_group id="lg-8" display="no" color="cyan">
         <name>.init_array</name>
         <run_address>0x0</run_address>
         <size>0x0</size>
         <contents>
         </contents>
      </logical_group>
      <logical_group id="lg-9" display="no" color="cyan">
         <name>.vtable</name>
         <run_address>0x0</run_address>
         <size>0x0</size>
         <contents>
         </contents>
      </logical_group>
      <logical_group id="lg-a" display="no" color="cyan">
         <name>.data</name>
         <run_address>0x0</run_address>
         <size>0x0</size>
         <contents>
         </contents>
      </logical_group>
      <logical_group id="lg-b" display="no" color="cyan">
         <name>.bss</name>
         <run_address>0x0</run_address>
         <size>0x0</size>
         <contents>
         </contents>
      </logical_group>
      <logical_group id="lg-c" display="no" color="cyan">
         <name>.sysmem</name>
         <run_address>0x0</run_address>
         <size>0x0</size>
         <contents>
         </contents>
      </logical_group>
      <logical_group id="lg-d" display="no" color="cyan">
         <name>.stack</name>
         <run_address>0x20000000</run_address>
         <size>0x4</size>
         <contents>
            <object_component_ref idref="oc-13"/>
            <object_component_ref idref="oc-11e"/>
         </contents>
      </logical_group>
      <logical_group id="lg-f8" display="no" color="cyan">
         <name>.TI.noinit</name>
         <run_address>0x0</run_address>
         <size>0x0</size>
         <contents>
         </contents>
      </logical_group>
      <logical_group id="lg-f9" display="no" color="cyan">
         <name>.TI.persistent</name>
         <run_address>0x0</run_address>
         <size>0x0</size>
         <contents>
         </contents>
      </logical_group>
      <logical_group id="lg-107" display="never" color="cyan">
         <name>.debug_info</name>
         <load_address>0x0</load_address>
         <run_address>0x0</run_address>
         <size>0x11b0</size>
         <contents>
            <object_component_ref idref="oc-1e"/>
            <object_component_ref idref="oc-10"/>
            <object_component_ref idref="oc-18"/>
            <object_component_ref idref="oc-2a"/>
            <object_component_ref idref="oc-21"/>
            <object_component_ref idref="oc-4c"/>
            <object_component_ref idref="oc-2f"/>
            <object_component_ref idref="oc-14"/>
            <object_component_ref idref="oc-36"/>
            <object_component_ref idref="oc-68"/>
            <object_component_ref idref="oc-52"/>
            <object_component_ref idref="oc-11f"/>
         </contents>
      </logical_group>
      <logical_group id="lg-109" display="never" color="cyan">
         <name>.debug_line</name>
         <load_address>0x0</load_address>
         <run_address>0x0</run_address>
         <size>0x387</size>
         <contents>
            <object_component_ref idref="oc-29"/>
            <object_component_ref idref="oc-1d"/>
            <object_component_ref idref="oc-17"/>
            <object_component_ref idref="oc-2d"/>
            <object_component_ref idref="oc-24"/>
            <object_component_ref idref="oc-4f"/>
            <object_component_ref idref="oc-32"/>
            <object_component_ref idref="oc-20"/>
            <object_component_ref idref="oc-39"/>
            <object_component_ref idref="oc-66"/>
            <object_component_ref idref="oc-55"/>
         </contents>
      </logical_group>
      <logical_group id="lg-10b" display="never" color="cyan">
         <name>.debug_frame</name>
         <load_address>0x0</load_address>
         <run_address>0x0</run_address>
         <size>0x190</size>
         <contents>
            <object_component_ref idref="oc-1b"/>
            <object_component_ref idref="oc-35"/>
            <object_component_ref idref="oc-65"/>
            <object_component_ref idref="oc-56"/>
         </contents>
      </logical_group>
      <logical_group id="lg-10d" display="never" color="cyan">
         <name>.debug_abbrev</name>
         <load_address>0x0</load_address>
         <run_address>0x0</run_address>
         <size>0x345</size>
         <contents>
            <object_component_ref idref="oc-28"/>
            <object_component_ref idref="oc-1c"/>
            <object_component_ref idref="oc-27"/>
            <object_component_ref idref="oc-2c"/>
            <object_component_ref idref="oc-23"/>
            <object_component_ref idref="oc-4e"/>
            <object_component_ref idref="oc-31"/>
            <object_component_ref idref="oc-1f"/>
            <object_component_ref idref="oc-58"/>
            <object_component_ref idref="oc-a2"/>
            <object_component_ref idref="oc-63"/>
            <object_component_ref idref="oc-120"/>
         </contents>
      </logical_group>
      <logical_group id="lg-10f" display="never" color="cyan">
         <name>.debug_str</name>
         <load_address>0x0</load_address>
         <run_address>0x0</run_address>
         <size>0x7fb</size>
         <contents>
            <object_component_ref idref="oc-2e"/>
            <object_component_ref idref="oc-25"/>
            <object_component_ref idref="oc-50"/>
            <object_component_ref idref="oc-33"/>
         </contents>
      </logical_group>
      <logical_group id="lg-111" display="never" color="cyan">
         <name>.debug_aranges</name>
         <load_address>0x0</load_address>
         <run_address>0x0</run_address>
         <size>0x98</size>
         <contents>
            <object_component_ref idref="oc-19"/>
            <object_component_ref idref="oc-37"/>
            <object_component_ref idref="oc-67"/>
            <object_component_ref idref="oc-53"/>
         </contents>
      </logical_group>
      <logical_group id="lg-113" display="never" color="cyan">
         <name>.debug_pubnames</name>
         <load_address>0x0</load_address>
         <run_address>0x0</run_address>
         <size>0xfd</size>
         <contents>
            <object_component_ref idref="oc-11"/>
            <object_component_ref idref="oc-1a"/>
            <object_component_ref idref="oc-15"/>
            <object_component_ref idref="oc-38"/>
            <object_component_ref idref="oc-69"/>
            <object_component_ref idref="oc-54"/>
         </contents>
      </logical_group>
      <logical_group id="lg-115" display="never" color="cyan">
         <name>.debug_pubtypes</name>
         <load_address>0x0</load_address>
         <run_address>0x0</run_address>
         <size>0x718</size>
         <contents>
            <object_component_ref idref="oc-2b"/>
            <object_component_ref idref="oc-22"/>
            <object_component_ref idref="oc-4d"/>
            <object_component_ref idref="oc-30"/>
         </contents>
      </logical_group>
      <load_segment id="lg-121" display="no" color="cyan">
         <name>SEGMENT_0</name>
         <load_address>0x0</load_address>
         <run_address>0x0</run_address>
         <size>0x2b0</size>
         <flags>0x5</flags>
         <contents>
            <logical_group_ref idref="lg-3"/>
            <logical_group_ref idref="lg-4"/>
         </contents>
      </load_segment>
      <load_segment id="lg-122" display="no" color="cyan">
         <name>SEGMENT_1</name>
         <run_address>0x20000000</run_address>
         <size>0x4</size>
         <flags>0x6</flags>
         <contents>
            <logical_group_ref idref="lg-d"/>
         </contents>
      </load_segment>
   </logical_group_list>
   <placement_map>
      <memory_area display="yes" color="green">
         <name>FLASH</name>
         <page_id>0x0</page_id>
         <origin>0x0</origin>
         <length>0x40000</length>
         <used_space>0x2b0</used_space>
         <unused_space>0x3fd50</unused_space>
         <attributes>RX</attributes>
         <usage_details>
            <allocated_space>
               <start_address>0x0</start_address>
               <size>0x26c</size>
               <logical_group_ref idref="lg-3"/>
            </allocated_space>
            <allocated_space>
               <start_address>0x26c</start_address>
               <size>0x44</size>
               <logical_group_ref idref="lg-4"/>
            </allocated_space>
            <available_space>
               <start_address>0x2b0</start_address>
               <size>0x3fd50</size>
            </available_space>
         </usage_details>
      </memory_area>
      <memory_area display="yes" color="green">
         <name>SRAM</name>
         <page_id>0x0</page_id>
         <origin>0x20000000</origin>
         <length>0x8000</length>
         <used_space>0x4</used_space>
         <unused_space>0x7ffc</unused_space>
         <attributes>RWX</attributes>
         <usage_details>
            <allocated_space>
               <start_address>0x20000000</start_address>
               <size>0x4</size>
               <logical_group_ref idref="lg-d"/>
            </allocated_space>
            <available_space>
               <start_address>0x20000004</start_address>
               <size>0x7ffc</size>
            </available_space>
         </usage_details>
      </memory_area>
   </placement_map>
   <symbol_table>
      <symbol id="sm-1">
         <name>__STACK_TOP</name>
         <value>0x20000200</value>
      </symbol>
      <symbol id="sm-2">
         <name>binit</name>
         <value>0xffffffff</value>
      </symbol>
      <symbol id="sm-3">
         <name>__binit__</name>
         <value>0xffffffff</value>
      </symbol>
      <symbol id="sm-4">
         <name>__STACK_SIZE</name>
         <value>0x4</value>
      </symbol>
      <symbol id="sm-5">
         <name>__STACK_END</name>
         <value>0x20000004</value>
      </symbol>
      <symbol id="sm-6">
         <name>__c_args__</name>
         <value>0xffffffff</value>
      </symbol>
      <symbol id="sm-7">
         <name>__TI_pprof_out_hndl</name>
         <value>0xffffffff</value>
      </symbol>
      <symbol id="sm-8">
         <name>__TI_prof_data_start</name>
         <value>0xffffffff</value>
      </symbol>
      <symbol id="sm-9">
         <name>__TI_prof_data_size</name>
         <value>0xffffffff</value>
      </symbol>
      <symbol id="sm-a">
         <name>__TI_static_base__</name>
         <value>0x0</value>
      </symbol>
      <symbol id="sm-50">
         <name>ResetISR</name>
         <value>0x29d</value>
         <object_component_ref idref="oc-16"/>
      </symbol>
      <symbol id="sm-51">
         <name>g_pfnVectors</name>
         <value>0x0</value>
         <object_component_ref idref="oc-f"/>
      </symbol>
      <symbol id="sm-64">
         <name>_c_int00_noinit_noargs</name>
         <value>0x26d</value>
         <object_component_ref idref="oc-34"/>
      </symbol>
      <symbol id="sm-65">
         <name>__stack</name>
         <value>0x20000000</value>
         <object_component_ref idref="oc-13"/>
      </symbol>
      <symbol id="sm-70">
         <name>C$$EXIT</name>
         <value>0x2ad</value>
         <object_component_ref idref="oc-64"/>
      </symbol>
      <symbol id="sm-71">
         <name>abort</name>
         <value>0x2ad</value>
         <object_component_ref idref="oc-64"/>
      </symbol>
      <symbol id="sm-7e">
         <name>_system_pre_init</name>
         <value>0x2a9</value>
         <object_component_ref idref="oc-51"/>
      </symbol>
      <symbol id="sm-81">
         <name>__mpu_init</name>
         <value>0x0</value>
      </symbol>
      <symbol id="sm-82">
         <name>main</name>
         <value>0x0</value>
      </symbol>
   </symbol_table>
   <title>Link errors: red sections failed placement</title>
</link_info>
